"NOME_COMPLETO","DEPARTAMENTO","ENDERECO","CODIGO_POSTAL","CIDADE","ESTADO","PAIS","REGIAO"
"Valli Jackson","IT","2014 Jabberwocky Rd","26192","Southlake","Texas","United States of America","Americas"
"Alexander James","IT","2014 Jabberwocky Rd","26192","Southlake","Texas","United States of America","Americas"
"Bruce Miller","IT","2014 Jabberwocky Rd","26192","Southlake","Texas","United States of America","Americas"
"Diana Nguyen","IT","2014 Jabberwocky Rd","26192","Southlake","Texas","United States of America","Americas"
"David Williams","IT","2014 Jabberwocky Rd","26192","Southlake","Texas","United States of America","Americas"
"Mozhe Atkinson","Shipping","2011 Interiors Blvd","99236","South San Francisco","California","United States of America","Americas"
"Sarah Bell","Shipping","2011 Interiors Blvd","99236","South San Francisco","California","United States of America","Americas"
"Laura Bissot","Shipping","2011 Interiors Blvd","99236","South San Francisco","California","United States of America","Americas"
"Alexis Bull","Shipping","2011 Interiors Blvd","99236","South San Francisco","California","United States of America","Americas"
"Anthony Cabrio","Shipping","2011 Interiors Blvd","99236","South San Francisco","California","United States of America","Americas"
"Kelly Chung","Shipping","2011 Interiors Blvd","99236","South San Francisco","California","United States of America","Americas"
"Curtis Davies","Shipping","2011 Interiors Blvd","99236","South San Francisco","California","United States of America","Americas"
"Julia Dellinger","Shipping","2011 Interiors Blvd","99236","South San Francisco","California","United States of America","Americas"
"Jennifer Dilly","Shipping","2011 Interiors Blvd","99236","South San Francisco","California","United States of America","Americas"
"Britney Everett","Shipping","2011 Interiors Blvd","99236","South San Francisco","California","United States of America","Americas"
"Kevin Feeney","Shipping","2011 Interiors Blvd","99236","South San Francisco","California","United States of America","Americas"
"Jean Fleaur","Shipping","2011 Interiors Blvd","99236","South San Francisco","California","United States of America","Americas"
"Adam Fripp","Shipping","2011 Interiors Blvd","99236","South San Francisco","California","United States of America","Americas"
"Ki Gee","Shipping","2011 Interiors Blvd","99236","South San Francisco","California","United States of America","Americas"
"Girard Geoni","Shipping","2011 Interiors Blvd","99236","South San Francisco","California","United States of America","Americas"
"Douglas Grant","Shipping","2011 Interiors Blvd","99236","South San Francisco","California","United States of America","Americas"
"Vance Jones","Shipping","2011 Interiors Blvd","99236","South San Francisco","California","United States of America","Americas"
"Payam Kaufling","Shipping","2011 Interiors Blvd","99236","South San Francisco","California","United States of America","Americas"
"Renske Ladwig","Shipping","2011 Interiors Blvd","99236","South San Francisco","California","United States of America","Americas"
"James Landry","Shipping","2011 Interiors Blvd","99236","South San Francisco","California","United States of America","Americas"
"Jason Mallin","Shipping","2011 Interiors Blvd","99236","South San Francisco","California","United States of America","Americas"
"Steven Markle","Shipping","2011 Interiors Blvd","99236","South San Francisco","California","United States of America","Americas"
"James Marlow","Shipping","2011 Interiors Blvd","99236","South San Francisco","California","United States of America","Americas"
"Randall Matos","Shipping","2011 Interiors Blvd","99236","South San Francisco","California","United States of America","Americas"
"Samuel McLeod","Shipping","2011 Interiors Blvd","99236","South San Francisco","California","United States of America","Americas"
"Irene Mikkilineni","Shipping","2011 Interiors Blvd","99236","South San Francisco","California","United States of America","Americas"
"Kevin Mourgos","Shipping","2011 Interiors Blvd","99236","South San Francisco","California","United States of America","Americas"
"Julia Nayer","Shipping","2011 Interiors Blvd","99236","South San Francisco","California","United States of America","Americas"
"Donald OConnell","Shipping","2011 Interiors Blvd","99236","South San Francisco","California","United States of America","Americas"
"TJ Olson","Shipping","2011 Interiors Blvd","99236","South San Francisco","California","United States of America","Americas"
"Joshua Patel","Shipping","2011 Interiors Blvd","99236","South San Francisco","California","United States of America","Americas"
"Randall Perkins","Shipping","2011 Interiors Blvd","99236","South San Francisco","California","United States of America","Americas"
"Hazel Philtanker","Shipping","2011 Interiors Blvd","99236","South San Francisco","California","United States of America","Americas"
"Trenna Rajs","Shipping","2011 Interiors Blvd","99236","South San Francisco","California","United States of America","Americas"
"Michael Rogers","Shipping","2011 Interiors Blvd","99236","South San Francisco","California","United States of America","Americas"
"Nandita Sarchand","Shipping","2011 Interiors Blvd","99236","South San Francisco","California","United States of America","Americas"
"John Seo","Shipping","2011 Interiors Blvd","99236","South San Francisco","California","United States of America","Americas"
"Stephen Stiles","Shipping","2011 Interiors Blvd","99236","South San Francisco","California","United States of America","Americas"
"Martha Sullivan","Shipping","2011 Interiors Blvd","99236","South San Francisco","California","United States of America","Americas"
"Winston Taylor","Shipping","2011 Interiors Blvd","99236","South San Francisco","California","United States of America","Americas"
"Peter Vargas","Shipping","2011 Interiors Blvd","99236","South San Francisco","California","United States of America","Americas"
"Timothy Venzl","Shipping","2011 Interiors Blvd","99236","South San Francisco","California","United States of America","Americas"
"Shanta Vollman","Shipping","2011 Interiors Blvd","99236","South San Francisco","California","United States of America","Americas"
"Alana Walsh","Shipping","2011 Interiors Blvd","99236","South San Francisco","California","United States of America","Americas"
"Matthew Weiss","Shipping","2011 Interiors Blvd","99236","South San Francisco","California","United States of America","Americas"
"Jennifer Whalen","Administration","2004 Charade Rd","98199","Seattle","Washington","United States of America","Americas"
"Shelli Baida","Purchasing","2004 Charade Rd","98199","Seattle","Washington","United States of America","Americas"
"Karen Colmenares","Purchasing","2004 Charade Rd","98199","Seattle","Washington","United States of America","Americas"
"Guy Himuro","Purchasing","2004 Charade Rd","98199","Seattle","Washington","United States of America","Americas"
"Alexander Khoo","Purchasing","2004 Charade Rd","98199","Seattle","Washington","United States of America","Americas"
"Den Li","Purchasing","2004 Charade Rd","98199","Seattle","Washington","United States of America","Americas"
"Sigal Tobias","Purchasing","2004 Charade Rd","98199","Seattle","Washington","United States of America","Americas"
"Lex Garcia","Executive","2004 Charade Rd","98199","Seattle","Washington","United States of America","Americas"
"Steven King","Executive","2004 Charade Rd","98199","Seattle","Washington","United States of America","Americas"
"Neena Yang","Executive","2004 Charade Rd","98199","Seattle","Washington","United States of America","Americas"
"John Chen","Finance","2004 Charade Rd","98199","Seattle","Washington","United States of America","Americas"
"Daniel Faviet","Finance","2004 Charade Rd","98199","Seattle","Washington","United States of America","Americas"
"Nancy Gruenberg","Finance","2004 Charade Rd","98199","Seattle","Washington","United States of America","Americas"
"Luis Popp","Finance","2004 Charade Rd","98199","Seattle","Washington","United States of America","Americas"
"Ismael Sciarra","Finance","2004 Charade Rd","98199","Seattle","Washington","United States of America","Americas"
"Jose Manuel Urman","Finance","2004 Charade Rd","98199","Seattle","Washington","United States of America","Americas"
"William Gietz","Accounting","2004 Charade Rd","98199","Seattle","Washington","United States of America","Americas"
"Shelley Higgins","Accounting","2004 Charade Rd","98199","Seattle","Washington","United States of America","Americas"
"Pat Davis","Marketing","147 Spadina Ave","M5V 2L7","Toronto","Ontario","Canada","Americas"
"Michael Martinez","Marketing","147 Spadina Ave","M5V 2L7","Toronto","Ontario","Canada","Americas"
"Susan Jacobs","Human Resources","8204 Arthur St",,"London",,"United Kingdom of Great Britain and Northern Ireland","Europe"
"Ellen Abel","Sales","Magdalen Centre, The Oxford Science Park","OX9 9ZB","Oxford","Oxford","United Kingdom of Great Britain and Northern Ireland","Europe"
"Sundar Ande","Sales","Magdalen Centre, The Oxford Science Park","OX9 9ZB","Oxford","Oxford","United Kingdom of Great Britain and Northern Ireland","Europe"
"Amit Banda","Sales","Magdalen Centre, The Oxford Science Park","OX9 9ZB","Oxford","Oxford","United Kingdom of Great Britain and Northern Ireland","Europe"
"Elizabeth Bates","Sales","Magdalen Centre, The Oxford Science Park","OX9 9ZB","Oxford","Oxford","United Kingdom of Great Britain and Northern Ireland","Europe"
"David Bernstein","Sales","Magdalen Centre, The Oxford Science Park","OX9 9ZB","Oxford","Oxford","United Kingdom of Great Britain and Northern Ireland","Europe"
"Harrison Bloom","Sales","Magdalen Centre, The Oxford Science Park","OX9 9ZB","Oxford","Oxford","United Kingdom of Great Britain and Northern Ireland","Europe"
"Gerald Cambrault","Sales","Magdalen Centre, The Oxford Science Park","OX9 9ZB","Oxford","Oxford","United Kingdom of Great Britain and Northern Ireland","Europe"
"Nanette Cambrault","Sales","Magdalen Centre, The Oxford Science Park","OX9 9ZB","Oxford","Oxford","United Kingdom of Great Britain and Northern Ireland","Europe"
"Louise Doran","Sales","Magdalen Centre, The Oxford Science Park","OX9 9ZB","Oxford","Oxford","United Kingdom of Great Britain and Northern Ireland","Europe"
"Alberto Errazuriz","Sales","Magdalen Centre, The Oxford Science Park","OX9 9ZB","Oxford","Oxford","United Kingdom of Great Britain and Northern Ireland","Europe"
"Tayler Fox","Sales","Magdalen Centre, The Oxford Science Park","OX9 9ZB","Oxford","Oxford","United Kingdom of Great Britain and Northern Ireland","Europe"
"Danielle Greene","Sales","Magdalen Centre, The Oxford Science Park","OX9 9ZB","Oxford","Oxford","United Kingdom of Great Britain and Northern Ireland","Europe"
"Peter Hall","Sales","Magdalen Centre, The Oxford Science Park","OX9 9ZB","Oxford","Oxford","United Kingdom of Great Britain and Northern Ireland","Europe"
"Alyssa Hutton","Sales","Magdalen Centre, The Oxford Science Park","OX9 9ZB","Oxford","Oxford","United Kingdom of Great Britain and Northern Ireland","Europe"
"Charles Johnson","Sales","Magdalen Centre, The Oxford Science Park","OX9 9ZB","Oxford","Oxford","United Kingdom of Great Britain and Northern Ireland","Europe"
"Janette King","Sales","Magdalen Centre, The Oxford Science Park","OX9 9ZB","Oxford","Oxford","United Kingdom of Great Britain and Northern Ireland","Europe"
"Sundita Kumar","Sales","Magdalen Centre, The Oxford Science Park","OX9 9ZB","Oxford","Oxford","United Kingdom of Great Britain and Northern Ireland","Europe"
"David Lee","Sales","Magdalen Centre, The Oxford Science Park","OX9 9ZB","Oxford","Oxford","United Kingdom of Great Britain and Northern Ireland","Europe"
"Jack Livingston","Sales","Magdalen Centre, The Oxford Science Park","OX9 9ZB","Oxford","Oxford","United Kingdom of Great Britain and Northern Ireland","Europe"
"Mattea Marvins","Sales","Magdalen Centre, The Oxford Science Park","OX9 9ZB","Oxford","Oxford","United Kingdom of Great Britain and Northern Ireland","Europe"
"Allan McEwen","Sales","Magdalen Centre, The Oxford Science Park","OX9 9ZB","Oxford","Oxford","United Kingdom of Great Britain and Northern Ireland","Europe"
"Christopher Olsen","Sales","Magdalen Centre, The Oxford Science Park","OX9 9ZB","Oxford","Oxford","United Kingdom of Great Britain and Northern Ireland","Europe"
"Lisa Ozer","Sales","Magdalen Centre, The Oxford Science Park","OX9 9ZB","Oxford","Oxford","United Kingdom of Great Britain and Northern Ireland","Europe"
"Karen Partners","Sales","Magdalen Centre, The Oxford Science Park","OX9 9ZB","Oxford","Oxford","United Kingdom of Great Britain and Northern Ireland","Europe"
"Sarath Sewall","Sales","Magdalen Centre, The Oxford Science Park","OX9 9ZB","Oxford","Oxford","United Kingdom of Great Britain and Northern Ireland","Europe"
"John Singh","Sales","Magdalen Centre, The Oxford Science Park","OX9 9ZB","Oxford","Oxford","United Kingdom of Great Britain and Northern Ireland","Europe"
"Lindsey Smith","Sales","Magdalen Centre, The Oxford Science Park","OX9 9ZB","Oxford","Oxford","United Kingdom of Great Britain and Northern Ireland","Europe"
"William Smith","Sales","Magdalen Centre, The Oxford Science Park","OX9 9ZB","Oxford","Oxford","United Kingdom of Great Britain and Northern Ireland","Europe"
"Patrick Sully","Sales","Magdalen Centre, The Oxford Science Park","OX9 9ZB","Oxford","Oxford","United Kingdom of Great Britain and Northern Ireland","Europe"
"Jonathon Taylor","Sales","Magdalen Centre, The Oxford Science Park","OX9 9ZB","Oxford","Oxford","United Kingdom of Great Britain and Northern Ireland","Europe"
"Sean Tucker","Sales","Magdalen Centre, The Oxford Science Park","OX9 9ZB","Oxford","Oxford","United Kingdom of Great Britain and Northern Ireland","Europe"
"Oliver Tuvault","Sales","Magdalen Centre, The Oxford Science Park","OX9 9ZB","Oxford","Oxford","United Kingdom of Great Britain and Northern Ireland","Europe"
"Clara Vishney","Sales","Magdalen Centre, The Oxford Science Park","OX9 9ZB","Oxford","Oxford","United Kingdom of Great Britain and Northern Ireland","Europe"
"Eleni Zlotkey","Sales","Magdalen Centre, The Oxford Science Park","OX9 9ZB","Oxford","Oxford","United Kingdom of Great Britain and Northern Ireland","Europe"
"Hermann Brown","Public Relations","Schwanthalerstr. 7031","80925","Munich","Bavaria","Germany","Europe"
